STATE,COUNTY,MONTH,DAY,HOUR,MINUTE,VE_TOTAL,PERSONS,PEDS,NHS,ROAD_FNC,ROUTE,SP_JUR,HARM_EV,MAN_COLL,REL_JUNC,REL_ROAD,TRAF_FLO,NO_LANES,SP_LIMIT,ALIGNMNT,PROFILE,PAVE_TYP,SUR_COND,TRA_CONT,T_CONT_F,HIT_RUN,LGT_COND,WEATHER,C_M_ZONE,NOT_HOUR,NOT_MIN,ARR_HOUR,ARR_MIN,HOSP_HR,HOSP_MN,SCH_BUS,CF1,CF2,CF3,FATALS,DAY_WEEK,DRUNK_DR,ST_CASE,CITY,MILEPT,YEAR,TWAY_ID,TWAY_ID2,RAIL,VE_FORMS,latitude,longitud
6,71,4,27,17,31,4,5,0,0,15,6,0,12,5,8,1,1,2,35,1,1,2,1,0,0,0,1,1,0,99,99,99,99,99,99,0,0,0,0,1,5,0,60944,2550,0,2006,FIFTH ST,99999999999999999999,0000000,3,34.08150000,-117.6770528
6,75,4,27,18,37,13,2,0,0,14,6,0,12,5,8,1,1,4,25,1,2,2,1,0,0,0,1,1,0,99,99,99,99,99,99,0,0,0,0,1,5,0,60945,3290,0,2006,CASTRO ST,99999999999999999999,0000000,2,37.76270000,-122.4351889
6,37,4,27,18,58,2,2,0,0,16,6,0,33,0,3,4,1,2,25,2,2,2,1,20,3,0,1,1,0,99,99,99,99,99,99,0,0,0,0,1,5,0,60946,3720,0,2006,STONEY DR,ARROYO DR,0000000,2,34.11559167,-118.1673444